Name,population,metalElements,timber,landArea,water,metalAlloys,electronics,housing,food,metalAlloysWaste,housingWaste,electronicsWaste,foodWaste,score
Atlantis,13268.408625781249,114.2140968,2841.3485726562503,5125.997557968751,23914.845,244.38287825454555,179.456298828125,9087.641099999999,4797.636771884494,1928,1800,1256,1300,-10862168.399740515
Brobdingnag,27100.514342226557,2368.3675436000003,40596.335462687486,39070.45772328125,129342.69174999998,2928.9312325818187,3946.921142578125,32044.840424999995,39534.28031839329,1520,1200,1700,1800,6033710.001623675
Carpania,17000,532,6400.0,23750.0,42500,1306.909090909091,1612,12000,13541.666666666666,1228,2000,2012,1500,-818485.3133138791
Dinotopia,12604.988194492187,15.303376799999942,1881.0445645,4782.969,19131.876,165.18251985454546,380.806640625,4035.630093749999,1453.4108282118057,2128,1200,2216,1100,-8314909.91375244
Erewhon,17000,804,18800.0,15000,50000,860.5454545454545,1528,18000,20777.777777777777,2084,1100,1128,1400,575459.3365879394
MyCountry,6983.3729609375,246.11498280000006,579.8206695312502,10761.680250000001,25110.587249999997,214.04882385454545,312.81591796875,9087.641099999999,8299.710872743057,1892,1900,2148,1400,-21850474.57742039
