Name,population,metalElements,timber,landArea,water,metalAlloys,electronics,housing,food,metalAlloysWaste,housingWaste,electronicsWaste,foodWaste,score
Atlantis,9951.306469335936,66.26630879999998,3879.8927781875,717.4453500000001,1434.8907000000002,114.70974603636368,48.943359375,3497.546081250001,320.57708828125,5064,8000,4640,6000,-600086.8778866159
Brobdingnag,14250.0,304,7232.0,4200,4000,8.545454545454533,1129.4883720930234,9000.0,1172.2222222222224,3000,6000,3496,2500,1881617.8640162563
Carpania,17975.313843164065,1078.8536912000002,2381.5960968125,10497.554650000002,8995.109300000002,1414.4247994181817,2914.2194313226746,15800.71016875,2901.92291171875,4448,5000,4500,4000,833967.221004881
Dinotopia,9951.306469335936,404.54320679999995,267.94003953124997,9565.938,4782.969,60.82366370909093,410.16006540697674,5380.840125000001,517.7249106770834,2128,1600,1752,1500,-20262727.409738567
Erewhon,14250.0,1616,388.0,20577.0,15000,3192,5070,11250.0,3789.062499999999,2192,1600,1400,1500,-8163622.668462589
MyCountry,20798.693530664066,2002.9812581999995,731.0180229687501,35833.1089,20787.031,3499.174600290909,6989.911271802325,23710.357687500004,6032.331316992188,2256,1800,1600,1500,6251688.168368779
