Name,population,metalElements,timber,landArea,water,metalAlloys,electronics,housing,food,metalAlloysWaste,housingWaste,electronicsWaste,foodWaste,score
Atlantis,11606.7140625,387.1199999999999,4578.848,1038.825,2187.0,398.44363636363653,132.27906976744185,3998.109375,460.59375,5000,8000,4512,6000,-160852.49796177307
Brobdingnag,13537.5,304,5865.6,3790.5,4000,8.545454545454533,1144.8372093023256,6750.0,106.9444444444446,3000,6000,3496,2500,1348992.1177298175
Carpania,13953.51984375,1340.88,2753.352,9256.49125,8513.0,1100.4654545454546,2782.046511627907,10687.828125,2290.7951388888887,4320,5000,4500,4000,-979456.669621136
Dinotopia,9453.741145869139,562.5112068,329.321167,9087.641099999999,4782.969,1.2715473454545498,403.54949809229646,4035.63009375,277.2920944661458,2064,1600,1696,1500,-20799011.59464924
Erewhon,13537.5,1488,104.0,22800.0,15000,3256,5100,8437.5,5541.666666666666,2256,1600,1400,1500,-3190848.214675434
MyCountry,20154.670178935547,2465.4887932,955.9844929999998,35410.8244,20517.031,4955.2739071999995,8341.287711210029,25986.604593750002,6262.753949370659,2384,1800,1600,1500,6275885.771009371
