Name,population,metalElements,timber,landArea,water,metalAlloys,electronics,housing,food,metalAlloysWaste,housingWaste,electronicsWaste,foodWaste,score
Atlantis,11048.482558593749,346.5268,2435.8100640625003,1804.275,2697.3,592.5594181818182,263.2790697674418,3413.4969375000005,456.064578125,5128,8000,4384,6000,490178.7912375333
Brobdingnag,13939.605821044925,299.7532,2591.156817890625,3281.85,4632.7,262.18967272727264,1649.5581395348838,5627.3271234375,227.88889409722236,3064,6000,3512,2500,1147854.774081138
Carpania,12311.937890625,1255.2,2418.061875,7692.465,8270.0,1083.490909090909,2748.1627906976746,8820.743750000001,724.5416666666667,4320,5000,4500,4000,-2812189.8204839416
Dinotopia,8962.722734553221,499.0072068,319.7863454550781,7891.89885,4782.969,64.31457280000001,371.4521484375,3031.20660375,478.4176832595487,2064,1600,1784,1500,-22141913.30561191
Erewhon,12834.375,1488,715.0,19800.0,15000,3256,5000,6337.5,4802.777777777777,2256,1600,1400,1500,-9880715.927063305
MyCountry,19383.06871207764,2299.5127932000005,4249.869501693359,28888.016025,19617.031,4677.4454272,7847.5478515625,24338.928483749998,6026.054942521702,2384,1800,1600,1500,4082547.173545234
