Name,population,metalElements,timber,landArea,water,metalAlloys,electronics,housing,food,metalAlloysWaste,housingWaste,electronicsWaste,foodWaste,score
Atlantis,10475.059441406249,30.55430879999996,55.09722273437496,717.4453500000001,1434.8907000000002,341.90829149090916,61.255859375,4663.394775,320.57708828125,5096,8000,4640,6000,-979299.2892396576
Brobdingnag,16742.53430859375,152.59289119999994,14798.708402265624,4466.704650000001,4533.4093,17.588726690909112,1267.869140625,13733.580225,656.9847172743055,3000,6000,3688,2500,4191979.606104942
Carpania,16319.90625,1009.9728,1968.444375,10230.85,8461.7,1018.1829818181816,2960.875,14500.525,2700.49375,4448,5000,4500,4000,-139919.0159650538
Dinotopia,10475.059441406249,372.8067588,387.69241718750004,9565.938,4782.969,53.89323170909093,421.4296875,7174.4535,517.7249106770834,2128,1600,1832,1500,-20250442.878374238
Erewhon,15000,1104,55.0,24000,15000,3448,5130,15000,7388.888888888889,2448,1600,1400,1500,-493745.2003056109
MyCountry,20987.440558593753,2334.0732411999993,2135.0575828124997,37719.062,20787.031,4928.42676829091,8518.5703125,27678.0465,9715.33064487847,2448,1800,1600,1500,6395139.842561536
