Name,population,metalElements,timber,landArea,water,metalAlloys,electronics,housing,food,metalAlloysWaste,housingWaste,electronicsWaste,foodWaste,score
Atlantis,11048.482558593749,528.5268,393.3100640625,1804.275,2697.3,30.035781818181885,581.4484011627907,3413.4969375000005,456.064578125,5000,8000,4452,6000,284037.13973860093
Brobdingnag,13939.605821044925,433.7532,10320.906817890625,3281.85,4632.7,244.9860363636364,1192.1446220930231,5627.3271234375,1780.666671875,3064,6000,3384,2500,1639278.47400425
Carpania,12311.937890625,1255.2,1103.0618749999999,7692.465,8270.0,1469.8545454545456,2570.488372093024,8820.743750000001,1707.875,4320,5000,4500,4000,-2456399.1960112117
Dinotopia,8962.722734553221,492.52720679999993,71.91161811132818,7891.89885,4782.969,51.720420072727265,417.8260696765989,3031.20660375,625.1253221484376,2064,1600,1792,1500,-22166410.25190863
Erewhon,12834.375,1488,360.25,19800.0,15000,3256,5120,6337.5,3250.0,2256,1600,1400,1500,-9916193.104748968
MyCountry,19383.06871207764,2297.9927932,2158.0712759121097,28888.016025,19617.031,4807.403216290909,7946.092534974564,24338.928483749998,4883.472303632812,2384,1800,1600,1500,3873433.3324698135
