Name,population,metalElements,timber,landArea,water,metalAlloys,electronics,housing,food,metalAlloysWaste,housingWaste,electronicsWaste,foodWaste,score
Atlantis,10475.059441406249,141.84902879999993,55.09722273437496,647.494428375,1434.8907000000002,179.4309678545455,159.333984375,4663.394775,180.3246121582031,5000,8000,4640,6000,-1056336.5210624165
Brobdingnag,15932.973539062501,304.97817119999996,11796.546692578124,4440.700946625,4533.4093,173.0769594181819,1104.791015625,10429.7239125,807.7483479112416,3000,6000,3592,2500,2863676.3347240845
Carpania,16319.90625,1162.2928,1968.444375,9708.342125,8461.7,861.1720727272726,2971.0377906976746,14500.525,2226.666623263889,4384,5000,4500,4000,-1073191.7868575994
Dinotopia,9453.741145869139,280.12720679999995,171.449556625,9565.938,4782.969,149.20184552727272,388.2443677325582,4035.630093749999,690.3221328993056,2192,1600,1784,1500,-20271390.218817256
Erewhon,15000,1104,55.0,24000,15000,3448,5130,15000,7388.888888888889,2448,1600,1400,1500,-493745.2003056109
MyCountry,20685.37916663086,2346.7527932,1972.8354433750003,37719.062,20787.031,5045.118154472727,8462.592841569767,25391.557406249998,9064.955644878472,2448,1800,1600,1500,6378887.242136709
