Name,population,metalElements,timber,landArea,water,metalAlloys,electronics,housing,food,metalAlloysWaste,housingWaste,electronicsWaste,foodWaste,score
Atlantis,10475.059441406249,30.55430879999996,424.253566484375,717.4453500000001,1434.8907000000002,32.27076421818187,194.12068495639534,4663.394775,320.57708828125,5160,8000,4512,6000,-942577.236441558
Brobdingnag,16131.65462109375,190.27817119999997,17198.649277265624,4368.289650000001,21536.5793,7.697759418181789,937.5951580668604,13093.882725,1534.2393353298612,3064,6000,3496,2500,3156835.9805913847
Carpania,16253.9109375,973.7755200000001,1430.2346562500002,10207.765000000001,8415.53,1720.1754763636363,2592.3190406976746,14350.4725,2670.4196875000002,4448,5000,4500,4000,412382.3242763523
Dinotopia,10475.059441406249,258.75875879999995,253.06282578125004,9565.938,4782.969,156.39116334545457,390.7257108466569,7174.4535,961.73126484375,2256,1600,1720,1500,-20262319.421555452
Erewhon,15000,1104,33.5,24000,15000,3448,5231,15000,5000,2448,1600,1400,1500,-495938.54065713286
MyCountry,21664.315558593753,2366.6332411999992,60.29967421875003,37840.562,3830.030999999999,5131.464836654545,8582.239405432412,28467.7965,10813.03262404514,2448,1800,1600,1500,6170944.383917265
