Name,population,metalElements,timber,landArea,water,metalAlloys,electronics,housing,food,metalAlloysWaste,housingWaste,electronicsWaste,foodWaste,score
Atlantis,7684.41440453757,5.575493995199949,3287.466857441171,1423.9155797583749,11332.049303250002,16.38967511970909,149.21933688673863,1436.3372491869377,166.35887166791065,5192,8000,4424,6000,-7761265.097781516
Brobdingnag,10909.21875,32,8508.125,2892.9285,3550.0,1127.4545454545455,929.8372093023256,6337.5,1043.575,3000,6000,3768,2500,-2030894.1059914064
Carpania,11204.0625,813.6,455.525,5635.575,10800.0,1052.0363636363634,1944.8837209302321,11700.0,897.8125,4448,5000,4500,4000,-5397339.64995835
Dinotopia,8867.678156932505,112.73637375719993,296.39469240019054,6316.75176165,9796.9610025,7.509095368145404,869.7791782645292,4569.614790975,518.5769634644092,2256,1600,1792,1500,-24295489.28418678
Erewhon,13875.0,1232,0.0,14037.890625,19300.0,3484,5098,9750.0,1373.125,2384,1600,1400,1500,-24079174.407786757
MyCountry,19624.971882349633,3264.0881322475984,5823.918059533639,116107.48326313544,69720.98969425,8264.610320421234,10920.280554616176,36914.46233483805,6113.968247277573,2384,1800,1728,1500,-172171.5441295281
