Name,population,metalElements,timber,landArea,water,metalAlloys,electronics,housing,food,metalAlloysWaste,housingWaste,electronicsWaste,foodWaste,score
Atlantis,26402.838770810897,2.8706019786931067,3420.735376116565,30402.13581439791,44382.53567694496,2138.737194404534,4813.428416676816,15925.03893651769,14699.831648714977,2822,1600,1200,2056,32034741.573661916
Brobdingnag,9100.801476423361,1.4742537840000096,92.11738151612516,9201.236613750001,34671.21084,426.58887326254546,42.00236937057139,3922.6324511249995,8719.997457200412,2104,2000,2476,2000,-33543447.33986393
Carpania,14322.165586759238,0.5565945476774714,28956.783734683468,10742.084114901907,32087.989605919905,674.8523579634622,202.822719540949,5837.081052195629,7628.483189871085,1348,1800,2530,1400,-3146722.6070397664
Dinotopia,13968.14696520948,0.07474053205355365,744.3915222260233,15812.0974367537,33851.37836915528,984.0869155097719,2966.127416381188,8924.020472074204,8402.48568322037,1519,1400,1600,1624,8232919.056750959
Erewhon,13889.475,0.4800000000000182,136.89999999999932,7310.25,8000.0,221.61454545454552,1698.3488372093022,7290.0,6502.5,1836,1400,2096,1200,-4155959.746877104
MyCountry,10414.65691820616,0.5438091575757259,3945.684441329829,10103.997508741391,22006.88550797982,823.1201134051437,629.2702408211725,5773.721191948961,343.79072351827176,1192,1600,1650,1800,-21140525.42849093
