Name,population,metalElements,timber,landArea,water,metalAlloys,electronics,housing,food,metalAlloysWaste,housingWaste,electronicsWaste,foodWaste,score
Atlantis,18000,220,22950.0,31587.5,40000,2.9090909090909065,1400.8372093023256,12000,13083.333333333332,1064,1000,2352,1600,1239679.2821709365
Brobdingnag,10000,1060,4510,14122.0,45000,581.0909090909091,1251.1627906976744,12128,9000.0,1856,1528,2000,1800,-1272447.964086488
Carpania,20000,1380,8500.0,34680,50000,40,900,22320,18000,2000,2320,1000,1600,-1195936.6203103364
Dinotopia,15200.0,1116,5336.0,24616,40000,248,1000.0,9320.0,20000,1600,1584,1400,2000,-3008892.3945286274
Erewhon,12000,1436,30.0,9736,45000,308,700,22264,18444.44444444444,2000,2064,1600,1200,-1805692.1674866676
MyCountry,10000,1412,13510.0,19712,50000,36,1100,18288,22000,1200,1688,1000,1200,-1591938.2422024794
