Name,population,metalElements,timber,landArea,water,metalAlloys,electronics,housing,food,metalAlloysWaste,housingWaste,electronicsWaste,foodWaste,score
Atlantis,14000,872,20700.0,12217.59375,33500.0,1259.2727272727273,693.3488372093022,16000,5695.3125,1400,2000,1328,1600,0.0
Brobdingnag,7737.809375,563.7484799999999,6136.0975,5609.655,32476.95,57.18016,486.17332848837214,12990.78,1461.596176215278,2064,1600,2400,1800,0.0
Carpania,16975.0,1426.88,12945.0,26900.0,65450.0,1407.9563636363637,1678.581395348837,18180.0,22319.305555555555,1920,1000,2000,1800,0.0
Dinotopia,17026.434375,799.0912000000001,3334.84,13576.95,63945.5,286.72174545454544,1799.172965116279,9358.650000000001,22317.43810763889,1864,1400,2184,1000,0.0
Erewhon,16464.628125,890.28032,26665.3525,33508.395,43127.55,1152.8690036363637,1533.8862645348838,20851.019999999997,17534.264327256944,1856,1600,1928,1200,0.0
MyCountry,10000,424,1685.0,15000,61500.0,1292,1312.8372093023256,22000,18777.77777777778,2256,1200,1264,1400,0.0
