Name,population,metalElements,timber,landArea,water,metalAlloys,electronics,housing,food,metalAlloysWaste,housingWaste,electronicsWaste,foodWaste,score
Atlantis,18000,912,20850.0,33250.0,40000,2.9090909090909065,1239.1627906976744,12000,15888.888888888889,1000,1000,2288,1600,879883.7447994202
Brobdingnag,10000,1088,5150,15000,45000,965.0909090909091,1300,12000,12000,1856,1400,2000,1800,573145.7877333313
Carpania,20000,1344,9870.0,34744,50000,232,900,22256,18000,2000,2256,1000,1600,-918856.0047642887
Dinotopia,15200.0,1080,5656.0,24680,40000,440,1048.8372093023256,9256.0,20000,1600,1520,1400,2000,-2621552.323295772
Erewhon,12000,1344,70.0,9744,45000,332,700,22256,19611.11111111111,2000,2056,1600,1200,-1582525.8701353222
MyCountry,10000,1344,14720,19744,50000,132,1100,18256,22000,1200,1656,1000,1200,-1275878.1889840811
