Name,population,metalElements,timber,landArea,water,metalAlloys,electronics,housing,food,metalAlloysWaste,housingWaste,electronicsWaste,foodWaste,score
Atlantis,18000,528,20850.0,35000,40000,2.9090909090909065,1367.1627906976744,12000,20388.88888888889,1128,1000,2416,1600,1901658.424991697
Brobdingnag,10000,192,7350.0,15000,45000,1213.090909090909,1300,12000,12000,2304,1400,2000,1800,1338650.9162666686
Carpania,20000,1248,8242.0,34648,18000,44,900,22352,18192,2000,2352,1000,1664,-1254064.912392646
Dinotopia,16000,936,6430,24536,40000,8,1048.8372093023256,12464,20000,1600,1664,1400,2000,-2873629.5054423884
Erewhon,12000,1332,4.0,9732,41000,296,700,22268,19635.11111111111,2000,2068,1600,1208,-1606572.3151441943
MyCountry,10000,1304,13348.0,19704,2000,112,1100,18296,22288,1200,1696,1000,1296,-1698557.2068645954
