Name,population,metalElements,timber,landArea,water,metalAlloys,electronics,housing,food,metalAlloysWaste,housingWaste,electronicsWaste,foodWaste,score
Atlantis,18000,592,20850.0,35000,40000,66.9090909090909,1303.1627906976744,12000,20388.88888888889,1128,1000,2352,1600,1893059.5418467075
Brobdingnag,10000,576,5150,15000,45000,1221.090909090909,1300,12000,12000,2112,1400,2000,1800,1136291.57546667
Carpania,20000,1280,9502.0,34680,18000,40,900,22320,18192,2000,2320,1000,1664,-1002981.9192146063
Dinotopia,16000,952,6510,24552,40000,56,1048.8372093023256,12448,20000,1600,1648,1400,2000,-2827310.7384401485
Erewhon,12000,1332,10.0,9732,45000,296,700,22268,19611.11111111111,2000,2068,1600,1200,-1602292.293360388
MyCountry,10000,1312,14512,19712,18000,36,1100,18288,22192,1200,1688,1000,1264,-1433532.3360269517
