Name,population,metalElements,timber,landArea,water,metalAlloys,electronics,housing,food,metalAlloysWaste,housingWaste,electronicsWaste,foodWaste,score
Atlantis,12000,1016,16409.0,16290.125,13600.0,1000,638,22000,10702.213541666666,1328,1600,1328,1800,-10107488.594264437
Brobdingnag,19000.0,1160,13410.0,23750.0,61500.0,1320,490,16500.0,18597.222222222223,1320,2000,2000,1800,-3576536.290992692
Carpania,12000,1232,22940.0,33250.0,17000.0,1402.3636363636365,734.3255813953488,18000,12244.444444444443,1128,1400,2512,1200,112101.82747522742
Dinotopia,14440.0,1616,3432.6400000000003,25000,54400.0,1600,1618,9000.0,13683.111111111108,1128,1200,1728,1224,-760433.7270261347
Erewhon,20000,304,8750,25000,66500.0,1061.6363636363635,636.5116279069767,12000,16000,2448,1400,1600,1600,376836.06436927617
MyCountry,10000,704,2000.0,15000,45000,664,2107.1627906976746,22000,14444.444444444447,1920,1600,1456,1400,-959260.2116642557
