Name,population,metalElements,timber,landArea,water,metalAlloys,electronics,housing,food,metalAlloysWaste,housingWaste,electronicsWaste,foodWaste,score
Atlantis,10000,616,23551.0,16290.125,47050.0,1015.0,617.0,12000,5062.5,2128,2000,1528,1600,-7801088.225927345
Brobdingnag,13300.0,360,25469.0,23750.0,4950.0,1325.818181818182,956.1627906976744,13500.0,18958.333333333336,2128,1400,1584,1000,-3823383.698336564
Carpania,20000,832,7000,19000.0,56500.0,910.181818181818,1718,16000,6875.0,1520,1000,2128,1600,-2186982.795478992
Dinotopia,15390.0,951.76,3611.4999999999964,35700.0,75050.0,2010.8799999999999,2444.116279069767,12300.0,26046.805555555555,2120,1400,2000,1200,-2268813.7817822695
Erewhon,20000,1000,9500,10000,40000,1376,1316,20000,3555.555555555555,1992,1600,2416,1400,2601201.5854789615
MyCountry,9025.0,532.2399999999999,23628.5,24300.0,36450.0,102.11999999999999,1224.7209302325582,16200.0,17175.416666666668,1328,1200,2220,1800,-14454202.359788798
