Name,population,metalElements,timber,landArea,water,metalAlloys,electronics,housing,food,metalAlloysWaste,housingWaste,electronicsWaste,foodWaste,score
Atlantis,16000,368,12830.0,30008.125,50000,1234.909090909091,979.1627906976744,22000,11818.576388888889,2192,2000,2248,1000,363947.4725964442
Brobdingnag,19000.0,688,18901.999999999996,28500.0,45000,79.99999999999997,1474.0,15000.0,10416.666666666668,2064,1400,1784,1400,-2977408.6417697594
Carpania,14000,632,5000,9500.0,35000,893.090909090909,548.8372093023256,22000,11972.222222222224,1384,1600,1000,2000,-497355.2638936974
Dinotopia,9025.0,600,17.0,10000,40000,1360,1390,11250.0,17611.11111111111,1720,1400,1160,1800,699309.5147433691
Erewhon,16000,1216,8350.0,30000,55000,1268,1316,12000,16388.888888888887,2384,2000,1216,1800,821731.0140461102
MyCountry,10000,904,2150.0,25000,55000,1372,1484,22000,13333.333333333332,2056,2000,1784,1600,1181768.0451449528
